Epidemiology Wk,Start to End,,Total Number,,,,,,,,,,,,,,,,,,,,,,,,,,,,,,,,,,,,,,Average Daily Number,,,,
,,,Cholera,Paratyphoid ,Typhoid ,Acute Viral Hepatitis A,Acute Viral Hepatitis E,Poliomyelitis,Plague,Yellow Fever,Dengue ,DHF,Malaria,Chikungunya,Diphtheria,Measles,Mumps  ,Rubella,SARS,Nipah,Acute Viral hepatitis B,Legionellosis,Campylobacter enteritis,Acute Viral hepatitis C,Leptospirosis,Melioidosis,Meningococcal Infection,Pertussis,Pneumococcal Disease (invasive),Haemophilus influenzae type b,Salmonellosis (non-enteric fevers),Avian Influenza,Zika,Ebola Virus Disease,Japanese Encephalitis,Tetanus,Botulism,Murine Typhus,Mpox,Middle East Respiratory Syndrome,Acute Upper Respiratory Tract infections,Acute Conjunctivitis,Acute Diarrhoea,Chickenpox,HFMD
1,31/12/2023 - 6/1/2024,,0,0,1,2,1,0,0,0,305,0,0,0,0,0,2,0,0,0,1,0,13,0,0,0,0,1,4,0,21,0,0,0,0,0,0,0,0,0,2549,79,349,7,14
2,7/1/2024 - 13/1/2024,,0,0,0,1,3,0,0,0,394,0,1,0,0,0,8,0,0,0,1,3,10,0,0,1,0,3,3,0,23,0,1,0,0,0,0,1,0,0,2491,80,364,11,12
3,14/1/2024 - 20/1/2024,,0,1,2,0,1,0,0,0,409,0,3,0,0,0,8,0,0,0,1,0,9,1,6,2,0,1,2,0,25,0,0,0,0,0,0,0,0,0,2607,84,372,7,22
4,21/1/2024 - 27/1/2024,,0,2,0,0,0,0,0,0,428,2,0,0,0,1,5,0,0,0,0,1,8,1,4,0,0,2,2,0,20,0,0,0,0,0,0,0,0,0,2654,81,381,7,24
5,28/1/2024 - 3/2/2024,,0,1,2,1,0,0,0,0,485,1,0,0,0,0,3,0,0,0,2,0,12,0,0,1,0,0,5,0,26,0,0,0,0,0,0,1,0,0,2660,74,356,10,26
6,4/2/2024 - 10/2/2024,,0,1,0,2,1,0,0,0,514,1,0,0,0,0,8,0,0,0,1,0,7,0,3,0,0,3,0,0,17,0,2,0,0,0,0,1,1,0,2558,86,368,7,28
7,11/2/2024 - 17/2/2024,,0,0,1,1,1,0,0,0,426,4,0,0,0,0,5,0,0,0,0,0,7,0,2,0,0,1,0,0,26,0,0,0,0,0,0,2,1,0,2566,76,377,9,32
8,18/2/2024 - 24/2/2024,,0,0,0,1,0,0,0,0,459,1,0,0,0,0,4,0,0,0,1,0,14,0,0,0,0,3,4,0,20,0,0,0,0,0,0,1,0,0,2446,78,390,5,28
9,25/2/2024 - 2/3/2024,,0,0,2,0,0,0,0,0,368,2,0,1,0,0,4,0,0,0,0,1,8,1,0,0,0,2,6,0,26,0,0,0,0,0,0,1,1,0,2335,75,368,7,25
10,3/3/2024 - 9/3/2024,,0,0,0,2,1,0,0,0,365,2,1,1,0,0,3,0,0,0,0,2,4,0,1,1,0,3,1,0,9,0,0,0,0,0,0,0,2,0,2278,63,361,8,29
11,10/3/2024 - 16/3/2024,,0,0,0,0,0,0,0,0,329,2,0,0,0,0,6,0,0,0,0,0,6,0,1,0,0,3,1,0,21,0,1,0,0,0,0,0,1,0,2134,74,335,6,28
12,17/3/2024 - 23/3/2024,,0,0,3,0,0,0,0,0,319,1,0,0,0,1,4,0,0,0,1,0,11,1,0,0,0,0,4,0,23,0,0,0,0,0,0,2,0,0,2274,68,376,7,25
13,24/3/2024 - 30/3/2024,,0,0,2,0,0,0,0,0,347,2,0,0,0,0,5,0,0,0,0,0,9,0,0,0,0,1,5,0,18,0,0,0,0,0,0,2,1,0,2238,90,373,6,27
14,31/3/2024 - 6/4/2024,,0,1,0,0,1,0,0,0,414,1,0,1,0,1,4,0,0,0,0,0,7,0,0,1,0,3,3,0,28,0,0,0,0,0,0,2,0,0,2145,80,394,4,19
15,7/4/2024 - 13/4/2024,,0,1,3,0,0,0,0,0,305,2,0,0,0,1,2,0,0,0,0,0,8,1,0,0,0,0,3,0,25,0,1,0,0,0,0,0,0,0,2293,67,410,6,26
16,14/4/2024 - 20/4/2024,,0,0,1,0,1,0,0,0,340,1,1,0,0,2,12,0,0,0,0,0,10,0,1,1,0,3,2,0,32,0,0,0,0,0,0,0,1,0,2468,65,382,5,16
17,21/4/2024 - 27/4/2024,,0,3,0,1,0,0,0,0,335,2,1,0,0,0,2,0,0,0,2,0,15,0,0,1,0,1,3,0,57,0,1,0,0,0,0,3,0,0,2590,65,381,6,22
18,28/4/2024 - 4/5/2024,,0,1,2,1,0,0,0,0,247,1,0,0,0,1,6,0,0,0,2,0,8,1,0,2,0,1,3,0,17,0,0,0,0,0,0,1,0,0,2857,76,426,7,34
19,5/5/2024 - 11/5/2024,,0,0,0,0,2,0,0,0,323,3,0,1,0,0,7,0,0,0,0,0,6,0,1,4,1,2,1,0,21,0,0,0,0,0,0,6,0,0,2821,69,387,8,33
20,12/5/2024 - 18/5/2024,,0,0,2,0,1,0,0,0,291,0,1,1,0,1,5,0,0,0,1,1,12,0,0,3,0,1,2,0,23,0,1,0,0,0,0,0,0,0,2883,66,399,7,43
21,19/5/2024 - 25/5/2024,,0,0,0,2,2,0,0,0,287,1,1,0,0,0,6,0,0,0,2,1,6,0,0,4,0,2,1,0,35,0,0,0,0,0,0,0,0,0,3116,74,426,5,50
22,26/5/2024 - 1/6/2024,,0,1,1,1,1,0,0,0,312,1,0,0,0,0,6,0,0,0,1,1,8,0,2,3,0,2,2,0,38,0,0,0,0,0,0,3,0,0,2592,71,354,7,35
23,2/6/2024 - 8/6/2024,,0,1,2,1,0,0,0,0,332,1,0,0,0,0,6,0,0,0,1,0,10,1,1,2,0,5,1,0,23,0,0,0,0,0,0,2,0,0,2377,68,383,4,25
24,9/6/2024 - 15/6/2024,,0,0,2,1,1,0,0,0,303,0,1,0,0,0,8,0,0,0,1,2,15,0,0,0,0,2,2,0,28,0,0,0,0,0,0,1,1,0,2178,67,390,5,25
25,16/6/2024 - 22/6/2024,,0,0,1,2,1,0,0,0,296,1,0,0,0,0,0,0,0,0,2,0,12,0,1,0,0,6,2,0,27,0,0,0,0,0,0,4,0,0,2279,73,438,7,29
26,23/6/2024 - 29/6/2024,,0,0,0,1,0,0,0,0,291,0,0,1,0,0,7,0,0,0,2,2,16,1,2,2,0,1,2,0,46,0,1,0,0,0,0,2,0,0,2377,74,477,7,32
27,30/6/2024 - 6/7/2024,,0,0,1,2,0,0,0,0,327,0,0,1,0,0,1,0,0,0,0,2,12,0,1,2,0,1,0,0,29,0,0,0,0,0,0,0,1,0,2449,74,454,6,34
28,7/7/2024 - 13/7/2024,,0,0,1,1,0,0,0,0,291,0,1,0,0,0,2,0,0,0,0,0,11,1,0,2,0,4,1,0,33,0,1,0,0,1,0,0,0,0,2701,74,476,7,36
29,14/7/2024 - 20/7/2024,,0,0,1,3,1,0,0,0,236,0,0,0,0,0,8,0,0,0,2,1,11,0,2,3,0,2,2,0,36,0,0,0,0,0,0,0,0,0,2719,78,458,7,41
30,21/7/2024 - 27/7/2024,,0,1,0,4,3,0,0,0,309,2,3,0,0,0,4,0,0,0,2,1,9,0,0,0,0,1,4,0,38,0,0,0,0,0,0,0,0,0,2412,83,452,8,43
31,28/7/2024 - 3/8/2024,,1,0,1,0,1,0,0,0,274,0,0,1,0,0,4,0,0,0,1,2,10,0,2,1,0,4,2,0,34,0,0,0,0,0,0,4,0,0,2242,79,458,7,39
32,4/8/2024 - 10/8/2024,,1,0,2,0,0,0,0,0,218,0,0,1,0,0,6,0,0,0,2,0,7,0,0,0,0,2,0,0,31,0,0,0,0,0,0,6,2,0,2165,79,460,7,42
33,11/8/2024 - 17/8/2024,,0,0,2,1,0,0,0,0,215,1,0,1,0,0,3,0,0,0,1,1,8,0,1,0,0,3,2,0,36,0,0,0,0,0,0,4,1,0,2285,81,467,6,33
34,18/8/2024 - 24/8/2024,,1,0,0,3,1,0,0,0,185,0,3,1,0,0,8,0,0,0,0,0,9,0,1,5,0,4,2,0,31,0,1,0,0,0,0,0,0,0,2391,87,459,6,30
35,25/8/2024 - 31/8/2024,,0,0,1,2,0,0,0,0,179,0,0,0,0,0,4,0,0,0,0,1,4,0,2,0,0,2,2,0,42,0,0,0,0,0,0,5,1,0,2285,74,405,6,31
36,1/9/2024 - 7/9/2024,,0,1,0,3,1,0,0,0,189,1,0,0,0,0,8,0,0,0,2,0,13,0,0,1,0,1,2,0,26,0,0,0,0,0,0,0,1,0,2130,81,402,4,29
37,8/9/2024 - 14/9/2024,,0,0,2,1,0,0,0,0,200,2,0,0,0,0,2,0,0,0,0,0,15,0,0,1,0,2,3,0,23,0,0,0,0,0,0,0,0,0,2358,76,481,4,22
38,15/9/2024 - 21/9/2024,,0,0,0,1,1,0,0,0,182,0,1,1,0,0,1,0,0,0,3,2,7,0,1,1,0,1,0,0,33,0,0,0,0,0,0,0,0,0,2421,90,452,5,26
39,22/9/2024 - 28/9/2024,,0,0,2,2,0,0,0,0,151,1,1,1,0,0,2,0,0,0,3,1,3,0,2,0,0,1,1,0,25,0,1,0,0,0,0,0,0,0,2415,87,493,6,22
40,29/9/2024 - 5/10/2024,,1,0,0,0,1,0,0,0,155,0,2,1,0,1,4,0,0,0,1,0,8,1,2,1,0,3,2,0,25,0,1,0,0,0,0,0,1,0,2341,84,446,5,21
41,6/10/2024 - 12/10/2024,,0,0,1,1,3,0,0,0,141,2,1,0,0,0,2,0,0,0,1,1,9,1,7,1,1,1,2,0,22,0,0,0,0,0,0,0,0,0,2537,91,438,4,27
42,13/10/2024 - 19/10/2024,,0,0,1,2,0,0,0,0,101,0,0,0,0,1,2,0,0,0,1,0,4,0,4,1,0,2,1,0,28,0,0,0,0,0,0,5,0,0,2606,91,436,5,27
43,20/10/2024 - 26/10/2024,,0,0,2,2,0,0,0,0,118,0,1,0,0,0,6,0,0,0,0,0,11,1,4,1,0,1,6,0,32,0,0,0,0,1,0,4,0,0,2791,95,428,6,27
44,27/10/2024 - 2/11/2024,,0,0,1,1,0,0,0,0,98,0,0,0,0,0,6,0,0,0,1,2,8,0,0,0,0,1,5,0,22,0,0,0,0,0,0,0,0,0,2741,97,414,7,39
45,3/11/2024 - 9/11/2024,,0,0,0,0,0,0,0,0,112,1,0,0,0,0,4,0,0,0,1,1,4,0,0,0,1,1,4,0,24,0,0,0,0,0,0,0,0,0,2627,92,438,7,30
46,10/11/2024 - 16/11/2024,,0,0,1,1,2,0,0,0,109,1,0,0,0,0,3,0,0,0,1,1,4,0,1,0,0,5,1,0,35,0,0,0,0,0,0,2,0,0,2573,90,409,4,27
47,17/11/2024 - 23/11/2024,,0,0,2,0,1,0,0,0,110,1,2,0,0,1,4,0,0,0,0,1,11,1,1,3,0,4,3,0,20,0,1,0,0,0,0,2,0,0,2577,86,390,4,25
48,24/11/2024 - 30/11/2024,,0,0,1,0,0,0,0,0,92,0,0,0,0,0,1,0,0,0,0,0,4,1,3,2,0,3,4,0,24,0,0,0,0,0,0,0,0,0,2470,91,401,6,26
49,1/12/2024 - 7/12/2024,,0,0,0,1,2,0,0,0,115,0,0,0,0,0,4,0,0,0,1,0,12,0,1,0,0,7,2,0,32,0,0,0,0,0,0,2,0,0,2609,95,393,5,30
50,8/12/2024 - 14/12/2024,,0,0,2,0,1,0,0,0,102,0,0,0,0,0,2,0,0,0,0,0,7,0,1,1,1,6,3,0,24,0,0,0,0,0,0,0,0,0,2537,100,407,4,23
51,15/12/2024 - 21/12/2024,,0,0,1,0,1,0,0,0,103,0,0,0,0,0,6,0,0,0,1,0,7,0,1,1,0,3,3,0,18,0,0,0,0,0,0,4,1,0,2266,92,402,5,25
52,22/12/2024 - 28/12/2024,,0,2,2,0,0,0,0,0,70,1,1,1,0,0,2,0,0,0,1,0,3,1,0,0,0,6,1,0,23,0,0,0,0,0,0,0,0,0,2796,117,494,6,33
